{
  "precision": 0.7295528898582334,
  "recall": 0.8955823293172691,
  "f1": 0.8040865384615385
}