{
  "overall": {
    "precision": 0.6697247706422018,
    "recall": 0.09772423025435073,
    "f1": 0.1705607476635514,
    "num_samples": 1500.0
  }
}