{
  "precision": 0.6159355416293644,
  "recall": 0.9210174029451138,
  "f1": 0.7381974248927039
}